[{
  "_id": {
    "$oid": "6295966924580000480033b2"
  },
  "title": "So sánh laptop HP và Dell, hãng nào tốt hơn, nên mua của hãng nào?",
  "image": "so-sanh-laptop-hp-va-dell-hang-nao-tot-hon-nen-mua-6.jpg",
  "description": "Nhiều người có nhu cầu mua laptop luôn phân vân không biết nên mua sản phẩm thương hiệu Laptop HP hay Laptop Dell bởi mỗi thương hiệu có thiết kế cũng như cấu hình khác nhau. Cùng Điện máy XANH tìm hiểu giữa laptop HP và Dell hãng nào tốt hơn nhé!",
  "content": "<table border=\"1\" cellpadding=\"1\" cellspacing=\"1\">\r\n\t<tbody>\r\n\t\t<tr>\r\n\t\t\t<td>\r\n\t\t\t<p><strong>Ti&ecirc;u ch&iacute;</strong></p>\r\n\t\t\t</td>\r\n\t\t\t<td>\r\n\t\t\t<p><strong>Laptop HP</strong></p>\r\n\t\t\t</td>\r\n\t\t\t<td>\r\n\t\t\t<p><strong>Laptop Dell</strong></p>\r\n\t\t\t</td>\r\n\t\t</tr>\r\n\t\t<tr>\r\n\t\t\t<td>\r\n\t\t\t<p><strong>Thiết kế</strong></p>\r\n\t\t\t</td>\r\n\t\t\t<td>\r\n\t\t\t<p>Phần lớn sản phẩm c&oacute; thiết kế mỏng nhẹ gi&uacute;p người d&ugrave;ng thuận tiện mang theo l&agrave;m việc hoặc giải tr&iacute;.&nbsp;</p>\r\n\r\n\t\t\t<p>Đặc biệt, d&ograve;ng laptop&nbsp;<a href=\"https://www.dienmayxanh.com/laptop-hp-compaq-envy\" target=\"_blank\">HP Envy</a>&nbsp;được đ&aacute;nh gi&aacute; cao bởi thiết kế theo phong c&aacute;ch đơn giản nhưng kh&ocirc;ng k&eacute;m phần thời trang, sang trọng.</p>\r\n\t\t\t</td>\r\n\t\t\t<td>\r\n\t\t\t<p>C&aacute;c d&ograve;ng laptop Dell đang ng&agrave;y c&agrave;ng ho&agrave;n thiện về thiết kế.&nbsp;</p>\r\n\r\n\t\t\t<p>Một sản phẩm đ&aacute;ng ch&uacute; &yacute; đ&oacute; l&agrave;&nbsp;<strong>Dell XPS 13</strong>&nbsp;với thiết kế trang nh&atilde;, vỏ m&aacute;y v&agrave;ng trắng rất thẩm mỹ v&agrave; thu h&uacute;t.</p>\r\n\t\t\t</td>\r\n\t\t</tr>\r\n\t\t<tr>\r\n\t\t\t<td>\r\n\t\t\t<p><strong>Cấu h&igrave;nh</strong></p>\r\n\t\t\t</td>\r\n\t\t\t<td>\r\n\t\t\t<p>Laptop HP c&oacute; khả năng xử l&yacute; nhiều t&aacute;c vụ kh&aacute;c nhau từ văn ph&ograve;ng, đồ hoạ - kỹ thuật đến gaming n&ecirc;n sở hữu cấu h&igrave;nh kh&aacute; mạnh mẽ, nổi bật như RAM, CPU, card đồ hoạ,...</p>\r\n\t\t\t</td>\r\n\t\t\t<td>\r\n\t\t\t<p>C&aacute;c d&ograve;ng laptop Dell lu&ocirc;n được đ&aacute;nh gi&aacute; cao về mặt cấu h&igrave;nh, ti&ecirc;u biểu l&agrave; bộ vi xử l&yacute; Intel H series cao cấp hay AMD Ryzen, đảm bảo mang đến hiệu năng tối ưu, kết hợp với card đồ hoạ rời AMD / NVIDIA hỗ trợ tốt việc xử l&yacute; đồ hoạ.</p>\r\n\t\t\t</td>\r\n\t\t</tr>\r\n\t\t<tr>\r\n\t\t\t<td>\r\n\t\t\t<p><strong>C&ocirc;ng nghệ nổi bật</strong></p>\r\n\t\t\t</td>\r\n\t\t\t<td>\r\n\t\t\t<p>C&aacute;c d&ograve;ng sản phẩm laptop HP đ&aacute;p ứng chuẩn&nbsp;<a href=\"https://www.dienmayxanh.com/kinh-nghiem-hay/tieu-chuan-intel-evo-tren-laptop-la-gi-1316629\" target=\"_blank\">Intel Evo</a>, hỗ trợ c&aacute;c c&ocirc;ng nghệ v&agrave; t&iacute;nh năng như:</p>\r\n\r\n\t\t\t<p>- Bộ vi xử l&yacute; thế hệ thứ 11 kết hợp với Card đồ hoạ&nbsp;<a href=\"https://www.dienmayxanh.com/kinh-nghiem-hay/intel-iris-xe-graphics-la-gi-co-nhung-noi-bat-nhu-1305742\" target=\"_blank\">Intel Iris Xe Graphic</a>&nbsp;gi&uacute;p n&acirc;ng cao hiệu năng xử l&yacute; ảnh v&agrave; video l&ecirc;n&nbsp;<strong>gấp 3 lần</strong>.</p>\r\n\r\n\t\t\t<p>-&nbsp;Cổng kết nối&nbsp;<a href=\"https://www.dienmayxanh.com/kinh-nghiem-hay/thunderbolt-4-moi-thu-ban-can-biet-ve-tieu-chuan-m-1305603\" target=\"_blank\">Thunderbolt 4</a>&nbsp;cung cấp băng th&ocirc;ng&nbsp;<strong>40Gb/s</strong>&nbsp;gi&uacute;p truyền tải dữ liệu nhanh ch&oacute;ng hơn</p>\r\n\r\n\t\t\t<p>-&nbsp;<a href=\"https://www.dienmayxanh.com/kinh-nghiem-hay/wifi-6-la-gi-co-gi-moi-so-voi-wifi-cu-co-can-thay-1141421\" target=\"_blank\">Wifi 6</a>&nbsp;gi&uacute;p kết nối Internet nhanh hơn.</p>\r\n\r\n\t\t\t<p>-&nbsp;Thời lượng pin l&acirc;u.</p>\r\n\t\t\t</td>\r\n\t\t\t<td>\r\n\t\t\t<p>Theo h&atilde;ng Dell c&ocirc;ng bố, c&aacute;c d&ograve;ng m&aacute;y&nbsp;<a href=\"https://www.dienmayxanh.com/laptop-dell-vostro\" target=\"_blank\">Dell Vostro</a>&nbsp;hay&nbsp;<a href=\"https://www.dienmayxanh.com/laptop-dell-inspiron\" target=\"_blank\">Inspiron</a>&nbsp;15 3000 hỗ trợ t&iacute;nh năng sạc nhanh&nbsp;<strong>80%/giờ</strong>.</p>\r\n\r\n\t\t\t<p>-&nbsp;Cổng kết nối Thunderbolt 4 cao cấp gi&uacute;p đảm bảo chất lượng v&agrave; tốc độ kết nối nhanh ch&oacute;ng, linh hoạt, hiệu suất tăng đ&aacute;ng kể.</p>\r\n\r\n\t\t\t<p>-&nbsp;C&aacute;c d&ograve;ng laptop gaming của Dell c&ograve;n tăng khả năng tản nhiệt l&ecirc;n đến&nbsp;<strong>12%</strong>.</p>\r\n\t\t\t</td>\r\n\t\t</tr>\r\n\t\t<tr>\r\n\t\t\t<td>\r\n\t\t\t<p><strong>C&aacute;c d&ograve;ng sản phẩm</strong></p>\r\n\t\t\t</td>\r\n\t\t\t<td>\r\n\t\t\t<p>Những d&ograve;ng sản phẩm nổi bật của h&atilde;ng HP l&agrave; Notebook,&nbsp;<a href=\"https://www.dienmayxanh.com/laptop-hp-compaq-pavilion\" target=\"_blank\">HP Pavilion</a>,&nbsp;<a href=\"https://www.dienmayxanh.com/laptop-hp-compaq-probook\" target=\"_blank\">HP Probook</a>&nbsp;hay&nbsp;<a href=\"https://www.dienmayxanh.com/laptop-hp-compaq-envy\" target=\"_blank\">HP Envy</a>, Elite,&hellip;</p>\r\n\t\t\t</td>\r\n\t\t\t<td>\r\n\t\t\t<p>Sản phẩm của Dell gồm:&nbsp;<a href=\"https://www.dienmayxanh.com/laptop-dell-inspiron\" target=\"_blank\">Dell Inspiron</a>,&nbsp;<a href=\"https://www.dienmayxanh.com/laptop-dell-vostro\" target=\"_blank\">Dell Vostro</a>, Dell Alienware,&nbsp;<a href=\"https://www.dienmayxanh.com/laptop-dell-latitude\" target=\"_blank\">Dell Latitude</a>, Dell XPS v&agrave; Dell Precision.</p>\r\n\t\t\t</td>\r\n\t\t</tr>\r\n\t</tbody>\r\n</table>",
  "updated_at": {
    "$date": {
      "$numberLong": "1653970537887"
    }
  },
  "created_at": {
    "$date": {
      "$numberLong": "1653970537887"
    }
  }
},{
  "_id": {
    "$oid": "629597e624580000480033b3"
  },
  "title": "Nên mua laptop Dell hay MacBook? Đâu là lựa chọn tốt và phù hợp nhất?",
  "image": "nen-mua-laptop-dell-hay-macbook-dau-la-lua-chon-tot-va-phu-10-800x450.jpg",
  "description": "Ngày nay, laptop là người bạn đồng hành không thể thiếu trong công việc, học tập cũng như giải trí. Vậy để có được trải nghiệm tốt nhất khi sử dụng để học tập, bạn nên chọn mua laptop Dell hay MacBook và tại sao? Bài viết này sẽ thông tin đến bạn điểm khác nhau giữa hai loại laptop này để bạn có được cái nhìn tổng quan hơn và lựa chọn mẫu laptop thích hợp.",
  "content": "<table border=\"1\" cellpadding=\"1\" cellspacing=\"1\" summary=\"[btnRadio DF] - [adv 0] - [tbcolor true]\">\r\n\t<thead>\r\n\t\t<tr>\r\n\t\t\t<th scope=\"col\">\r\n\t\t\t<p>Laptop Dell</p>\r\n\t\t\t</th>\r\n\t\t\t<th scope=\"col\">\r\n\t\t\t<p>Macbook</p>\r\n\t\t\t</th>\r\n\t\t</tr>\r\n\t</thead>\r\n\t<tbody>\r\n\t\t<tr>\r\n\t\t\t<td>\r\n\t\t\t<p><strong>Ưu điểm</strong></p>\r\n\t\t\t</td>\r\n\t\t\t<td>\r\n\t\t\t<p>- Đ&aacute;p ứng đầy đủ những y&ecirc;u cầu cơ bản, c&oacute; bộ xử l&yacute; nhanh nhạy</p>\r\n\r\n\t\t\t<p>- Dung lượng ổ cứng cao, đa dạng</p>\r\n\r\n\t\t\t<p>- M&aacute;y mượt m&agrave;, cấu h&igrave;nh ổn định</p>\r\n\r\n\t\t\t<p>- C&oacute; nguồn linh kiện bền, hiệu năng</p>\r\n\t\t\t</td>\r\n\t\t\t<td>\r\n\t\t\t<p>- Thiết kế đẹp, sang trọng</p>\r\n\r\n\t\t\t<p>- Tốc độ load nhanh</p>\r\n\r\n\t\t\t<p>- C&oacute; khả năng bảo mật tốt</p>\r\n\r\n\t\t\t<p>- Sạc pin cực nhanh, trong tầm 45 ph&uacute;t</p>\r\n\t\t\t</td>\r\n\t\t</tr>\r\n\t\t<tr>\r\n\t\t\t<td>\r\n\t\t\t<p><strong>Nhược điểm</strong></p>\r\n\t\t\t</td>\r\n\t\t\t<td>\r\n\t\t\t<p>- Thiết kế kh&aacute; cồng kềnh</p>\r\n\r\n\t\t\t<p>- Ở c&aacute;c d&ograve;ng m&aacute;y tầm trung v&agrave; thấp c&oacute; kiểu d&aacute;ng lẫn m&agrave;u sắc kh&ocirc;ng được hiện đại</p>\r\n\t\t\t</td>\r\n\t\t\t<td>\r\n\t\t\t<p>- Phần cứng hẹp, kh&ocirc;ng c&oacute; nhiều t&iacute;nh năng linh hoạt như Windows</p>\r\n\r\n\t\t\t<p>- Gi&aacute; th&agrave;nh cao</p>\r\n\t\t\t</td>\r\n\t\t</tr>\r\n\t</tbody>\r\n</table>",
  "updated_at": {
    "$date": {
      "$numberLong": "1653970918081"
    }
  },
  "created_at": {
    "$date": {
      "$numberLong": "1653970918081"
    }
  }
},{
  "_id": {
    "$oid": "629599f424580000480033b4"
  },
  "title": "So sánh Laptop Dell và Acer – Laptop Hãng nào tốt hơn?",
  "image": "Dell-laptop-acer-didongviet-1.jpg",
  "description": "Dell và Acer đều là một trong những thương hiệu có tên tuổi và lâu đời trên thị trường máy tính xách tay. Nếu bạn đang phân vân không biết nên mua laptop Dell hay Acer, tìm hiểu ngay bài so sánh laptop Dell và Acer dưới đây.",
  "content": "<table>\r\n\t<tbody>\r\n\t\t<tr>\r\n\t\t\t<td><strong>Nội dung</strong></td>\r\n\t\t\t<td><strong>Dell</strong></td>\r\n\t\t\t<td><strong>Acer</strong></td>\r\n\t\t</tr>\r\n\t\t<tr>\r\n\t\t\t<td>Thiết kế</td>\r\n\t\t\t<td>\r\n\t\t\t<p>Laptop Dell c&oacute; thiết kế đa dạng, nhiều kiểu d&aacute;ng. M&agrave;u sắc phong ph&uacute;, ngoại h&igrave;nh bắt mắt, sang trọng.&nbsp;</p>\r\n\r\n\t\t\t<p>Về thiết kế<a href=\"https://ben.com.vn/man-hinh-may-tinh/\" target=\"_blank\">m&agrave;n h&igrave;nh</a>th&igrave; so với c&aacute;c h&atilde;ng kh&aacute;c trong c&ugrave;ng mức gi&aacute;. Th&igrave; m&agrave;n h&igrave;nh của Dell thường c&oacute; k&iacute;ch thước lớn hơn.&nbsp;</p>\r\n\t\t\t</td>\r\n\t\t\t<td>Laptop Acer c&oacute; thiết kế tương đồng. So với c&aacute;c h&atilde;ng m&aacute;y t&iacute;nh kh&aacute;c th&igrave; mẫu m&atilde; của Acer sẽ to v&agrave; cồng kềnh hơn. C&ograve;n về trọng lượng th&igrave; vẫn tương đương.&nbsp;\r\n\t\t\t<p>&nbsp;</p>\r\n\r\n\t\t\t<p>Tuy nhi&ecirc;n, c&oacute; một v&agrave;i model laptop của Acer như Laptop Acer Swift 7 SF714 c&oacute; thiết kế rất mỏng. V&agrave; được mệnh danh l&agrave; laptop nhẹ v&agrave; mỏng nhất thế giới.&nbsp;</p>\r\n\t\t\t</td>\r\n\t\t</tr>\r\n\t\t<tr>\r\n\t\t\t<td>Cấu h&igrave;nh</td>\r\n\t\t\t<td>\r\n\t\t\t<p>Laptop Dell c&oacute; cấu h&igrave;nh ổn, tương đương với gi&aacute; th&agrave;nh sản phẩm.&nbsp;</p>\r\n\r\n\t\t\t<p>Mỗi laptop Dell sẽ c&oacute; c&aacute;c ph&acirc;n kh&uacute;c kh&aacute;c nhau. Để c&oacute; thể đ&aacute;p ứng được nhiều mục đ&iacute;ch của người sử dụng.&nbsp;</p>\r\n\t\t\t</td>\r\n\t\t\t<td>\r\n\t\t\t<p>Laptop Acer c&oacute; cấu h&igrave;nh kh&aacute; ổn v&agrave; cao so với gi&aacute; th&agrave;nh của sản phẩm.&nbsp;</p>\r\n\r\n\t\t\t<p>Mỗi mẫu laptop Acer sẽ được thiết lập cấu h&igrave;nh ph&ugrave; hợp với&nbsp; nhu cầu của người sử dụng. Từ học sinh cho đến d&acirc;n văn ph&ograve;ng, thiết kế đồ họa, chơi game,..</p>\r\n\t\t\t</td>\r\n\t\t</tr>\r\n\t\t<tr>\r\n\t\t\t<td>C&ocirc;ng nghệ</td>\r\n\t\t\t<td>Laptop Dell c&oacute; một đặc điểm nổi bật hơn c&aacute;c h&atilde;ng m&aacute;y kh&aacute;c. Đ&oacute; ch&iacute;nh l&agrave; c&oacute; thể hoạt động &aacute;c ứng dụng, chơi game li&ecirc;n tục trong nhiều tiếng đồng hồ. Do laptop được t&iacute;ch hợp c&ocirc;ng nghệ pin v&ocirc; c&ugrave;ng khủng v&agrave; chất lượng.&nbsp;\r\n\t\t\t<p>&nbsp;</p>\r\n\r\n\t\t\t<p>Ngo&agrave;i ra, laptop c&ograve;n được t&iacute;ch hợp c&aacute;c c&ocirc;ng nghệ hiện đại kh&aacute;c nhau như: Cảm biến v&acirc;n tay, , c&ocirc;ng nghệ m&agrave;n h&igrave;nh TrueLife LED-Backlit Display,&hellip;</p>\r\n\r\n\t\t\t<p>C&agrave;ng ng&agrave;y th&igrave; c&ocirc;ng nghệ tr&ecirc;n laptop Dell c&agrave;ng hiện đại v&agrave; nổi bật.</p>\r\n\t\t\t</td>\r\n\t\t\t<td>Laptop Acer c&oacute; lượng pin kh&aacute; ổn. Nếu chỉ sử dụng c&aacute;c t&aacute;c vụ cơ bản, th&igrave; đ&acirc;y sẽ l&agrave; một sự lựa chọn tuyệt vời.&nbsp;\r\n\t\t\t<p>&nbsp;</p>\r\n\r\n\t\t\t<p>Laptop c&oacute; t&iacute;ch hợp c&ocirc;ng nghệ tản nhiệt hiệu quả. Đặc biệt l&agrave;&nbsp;</p>\r\n\r\n\t\t\t<p>sản phẩm Laptop Acer Swift 7 SF714 c&oacute; t&iacute;ch hợp hệ thống l&agrave;m m&aacute;t kh&ocirc;ng quạt LiquidLoop.</p>\r\n\r\n\t\t\t<p>Ngo&agrave;i ra một số mẫu Laptop Acer c&oacute; t&iacute;ch hợp m&agrave;n h&igrave;nh cảm ứng. Gi&uacute;p cho c&aacute;c thao t&aacute;c mượt m&agrave; đơn giản hơn. V&agrave; một số m&aacute;y hỗ trợ gập, xoay 360 độ gi&uacute;p cho thiết kế m&aacute;y trở n&ecirc;n linh hoạt.</p>\r\n\t\t\t</td>\r\n\t\t</tr>\r\n\t\t<tr>\r\n\t\t\t<td>&Acirc;m thanh v&agrave; m&agrave;n h&igrave;nh</td>\r\n\t\t\t<td>Laptop Dell sử dụng c&ocirc;ng nghệ &acirc;m thanh Waves MaxxAudio hiện đại. &Acirc;m thanh r&otilde; r&agrave;ng, &ecirc;m tai.\r\n\t\t\t<p>&nbsp;</p>\r\n\r\n\t\t\t<p>M&agrave;n h&igrave;nh lớn, r&otilde; n&eacute;t. Đặc biệt Laptop Dell Inspiron 7373, hỗ trợ t&iacute;nh năng gập xoay v&agrave; m&agrave;n h&igrave;nh cảm ứng</p>\r\n\t\t\t</td>\r\n\t\t\t<td>&Acirc;m thanh kh&aacute; ổn.\r\n\t\t\t<p>&nbsp;</p>\r\n\r\n\t\t\t<p>M&agrave;n h&igrave;nh to, r&otilde; n&eacute;t.</p>\r\n\r\n\t\t\t<p>Nhiều mẫu c&oacute; thiết kế m&agrave;n h&igrave;nh hiện đại.</p>\r\n\t\t\t</td>\r\n\t\t</tr>\r\n\t</tbody>\r\n</table>",
  "updated_at": {
    "$date": {
      "$numberLong": "1653971481024"
    }
  },
  "created_at": {
    "$date": {
      "$numberLong": "1653971444623"
    }
  }
}]