[{
  "_id": {
    "$oid": "62959a4a24580000480033b5"
  },
  "blog_id": "6295966924580000480033b2",
  "user_id": "629595e424580000480033b1",
  "content": "sản phẩm quá mắc",
  "avatar": "avatar.png",
  "name": "khoa1",
  "level": 0,
  "updated_at": {
    "$date": {
      "$numberLong": "1653971530934"
    }
  },
  "created_at": {
    "$date": {
      "$numberLong": "1653971530934"
    }
  }
},{
  "_id": {
    "$oid": "62959a5624580000480033b6"
  },
  "blog_id": "6295966924580000480033b2",
  "user_id": "629595e424580000480033b1",
  "content": "rứa mà mắc gì",
  "avatar": "avatar.png",
  "name": "khoa1",
  "level": "62959a4a24580000480033b5",
  "updated_at": {
    "$date": {
      "$numberLong": "1653971542386"
    }
  },
  "created_at": {
    "$date": {
      "$numberLong": "1653971542386"
    }
  }
}]