[{
  "_id": {
    "$oid": "62958878245800004800339c"
  },
  "name": "VietNam",
  "updated_at": {
    "$date": {
      "$numberLong": "1653966986781"
    }
  },
  "created_at": {
    "$date": {
      "$numberLong": "1653966968100"
    }
  }
},{
  "_id": {
    "$oid": "62958880245800004800339d"
  },
  "name": "China",
  "updated_at": {
    "$date": {
      "$numberLong": "1653966976659"
    }
  },
  "created_at": {
    "$date": {
      "$numberLong": "1653966976659"
    }
  }
},{
  "_id": {
    "$oid": "62958891245800004800339e"
  },
  "name": "USA",
  "updated_at": {
    "$date": {
      "$numberLong": "1653966993396"
    }
  },
  "created_at": {
    "$date": {
      "$numberLong": "1653966993396"
    }
  }
},{
  "_id": {
    "$oid": "6295889a245800004800339f"
  },
  "name": "Indo",
  "updated_at": {
    "$date": {
      "$numberLong": "1653967002005"
    }
  },
  "created_at": {
    "$date": {
      "$numberLong": "1653967002005"
    }
  }
},{
  "_id": {
    "$oid": "629588a424580000480033a0"
  },
  "name": "Japan",
  "updated_at": {
    "$date": {
      "$numberLong": "1653967012119"
    }
  },
  "created_at": {
    "$date": {
      "$numberLong": "1653967012119"
    }
  }
}]