[{
  "_id": {
    "$oid": "6295867b2458000048003399"
  },
  "email": "khoangulz@gmail.com",
  "phone": "123123123",
  "name": "hello",
  "id_user": "629585ec2458000048003393",
  "price": 323,
  "status": "0",
  "item": 3,
  "updated_at": {
    "$date": {
      "$numberLong": "1653966459550"
    }
  },
  "created_at": {
    "$date": {
      "$numberLong": "1653966459550"
    }
  }
},{
  "_id": {
    "$oid": "62959cca24580000480033ba"
  },
  "email": "anhkhoa1234@gmail.com",
  "phone": "123123123",
  "name": "khoa1",
  "id_user": "629595e424580000480033b1",
  "price": 500,
  "status": "0",
  "item": 1,
  "updated_at": {
    "$date": {
      "$numberLong": "1653972170051"
    }
  },
  "created_at": {
    "$date": {
      "$numberLong": "1653972170051"
    }
  }
},{
  "_id": {
    "$oid": "62959cdc24580000480033bd"
  },
  "email": "anhkhoa1234@gmail.com",
  "phone": "123123123",
  "name": "khoa1",
  "id_user": "629595e424580000480033b1",
  "price": 400,
  "status": "0",
  "item": 3,
  "updated_at": {
    "$date": {
      "$numberLong": "1653972188717"
    }
  },
  "created_at": {
    "$date": {
      "$numberLong": "1653972188717"
    }
  }
},{
  "_id": {
    "$oid": "62959d6f24580000480033c0"
  },
  "email": "hien1@gmail.com",
  "phone": "123123123",
  "name": "hien1",
  "id_user": "62959d3324580000480033bf",
  "price": 1100,
  "status": "0",
  "item": 3,
  "updated_at": {
    "$date": {
      "$numberLong": "1653972335273"
    }
  },
  "created_at": {
    "$date": {
      "$numberLong": "1653972335273"
    }
  }
}]